customer_id,customer_segment,acquisition_cost
1000,Startup,101.37
1001,Enterprise,410.52
1002,Startup,262.3
1003,Enterprise,164.04
1004,SME,233.8
1005,SME,397.13
1006,SME,134.05
1007,Enterprise,388.92
1008,SME,471.61
1009,Enterprise,484.99
1010,SME,127.58
1011,Enterprise,351.39
1012,Enterprise,479.61
1013,SME,426.6
1014,Startup,197.69
1015,SME,403.31
1016,Startup,156.62
1017,Startup,479.93
1018,Startup,487.62
1019,Enterprise,124.64
1020,Startup,471.89
1021,Startup,406.64
1022,SME,149.36
1023,Enterprise,471.84
1024,Startup,305.9
1025,SME,352.0
1026,Enterprise,413.62
1027,SME,154.74
1028,SME,141.46
1029,Startup,347.13
1030,SME,119.97
1031,Enterprise,70.42
1032,Startup,129.75
1033,SME,319.93
1034,Startup,460.33
1035,Enterprise,174.27
1036,SME,406.4
1037,SME,286.67
1038,Enterprise,117.19
1039,SME,174.42
1040,Enterprise,450.31
1041,Startup,133.65
1042,Enterprise,383.98
1043,Startup,234.15
1044,Startup,73.02
1045,Enterprise,245.73
1046,Enterprise,286.43
1047,Startup,73.53
1048,Enterprise,273.56
1049,Enterprise,256.3
1050,Enterprise,370.43
1051,Startup,285.74
1052,Startup,199.18
1053,SME,50.84
1054,Startup,449.24
1055,SME,158.34
1056,Startup,357.79
1057,Startup,129.85
1058,Startup,389.75
1059,Enterprise,496.54
1060,SME,262.76
1061,Enterprise,191.58
1062,Startup,447.56
1063,Startup,161.82
1064,Startup,236.7
1065,Startup,301.42
1066,Startup,491.27
1067,Enterprise,330.4
1068,Startup,403.26
1069,SME,190.04
1070,Startup,327.08
1071,SME,184.23
1072,Startup,300.95
1073,Enterprise,486.22
1074,SME,360.17
1075,Enterprise,326.16
1076,SME,396.89
1077,SME,435.69
1078,Enterprise,199.89
1079,Startup,146.61
1080,Enterprise,178.68
1081,SME,248.38
1082,Enterprise,110.25
1083,Enterprise,408.18
1084,Enterprise,157.75
1085,Startup,340.82
1086,Enterprise,460.29
1087,Startup,184.45
1088,SME,58.22
1089,Enterprise,285.62
1090,SME,280.76
1091,Startup,180.26
1092,Enterprise,182.09
1093,Startup,406.17
1094,SME,370.04
1095,SME,409.56
1096,Startup,252.99
1097,Startup,398.05
1098,Startup,416.17
1099,Startup,365.29
1100,Enterprise,282.65
1101,Enterprise,296.04
1102,Startup,365.33
1103,SME,473.38
1104,Enterprise,171.6
1105,SME,187.93
1106,Startup,395.52
1107,SME,80.77
1108,Enterprise,188.12
1109,Startup,212.6
1110,Startup,179.12
1111,Startup,293.45
1112,SME,95.87
1113,Startup,328.53
1114,SME,198.25
1115,Enterprise,244.68
1116,Enterprise,168.42
1117,SME,372.61
1118,Enterprise,135.26
1119,SME,428.14
1120,Startup,220.27
1121,Startup,414.28
1122,Enterprise,82.71
1123,Enterprise,471.59
1124,SME,78.03
1125,Startup,110.89
1126,SME,254.36
1127,Startup,370.71
1128,Startup,365.5
1129,SME,369.38
1130,Enterprise,168.05
1131,Enterprise,340.31
1132,SME,320.65
1133,SME,213.76
1134,Enterprise,438.75
1135,Enterprise,87.23
1136,Startup,306.24
1137,SME,310.54
1138,Startup,363.49
1139,Startup,202.59
1140,Startup,233.69
1141,SME,220.99
1142,Startup,439.54
1143,Startup,236.93
1144,Startup,159.94
1145,SME,54.32
1146,SME,375.28
1147,SME,409.04
1148,Startup,295.64
1149,Enterprise,101.54
1150,Startup,315.81
1151,Startup,66.48
1152,SME,291.72
1153,Enterprise,418.85
1154,Startup,140.42
1155,Enterprise,52.23
1156,SME,256.82
1157,Enterprise,432.99
1158,SME,320.54
1159,SME,357.61
1160,SME,268.92
1161,Startup,275.85
1162,Enterprise,319.78
1163,Startup,379.05
1164,SME,397.61
1165,Startup,177.92
1166,Startup,155.72
1167,Enterprise,424.45
1168,Enterprise,134.28
1169,Startup,380.26
1170,Startup,186.93
1171,Enterprise,335.43
1172,SME,85.9
1173,Startup,142.03
1174,Enterprise,401.74
1175,Startup,394.47
1176,Enterprise,365.9
1177,Startup,377.78
1178,SME,437.59
1179,Startup,301.73
1180,Startup,150.02
1181,Startup,142.05
1182,SME,453.61
1183,Enterprise,461.97
1184,Enterprise,122.31
1185,Startup,378.13
1186,SME,346.13
1187,SME,436.47
1188,Startup,75.24
1189,SME,431.36
1190,Enterprise,275.01
1191,SME,121.21
1192,Enterprise,472.61
1193,Enterprise,320.29
1194,SME,64.11
1195,Startup,475.21
1196,Startup,388.88
1197,Startup,429.92
1198,SME,362.17
1199,SME,315.36
1200,SME,461.74
1201,Enterprise,414.09
1202,SME,84.68
1203,Startup,329.02
1204,Startup,282.44
1205,Enterprise,112.26
1206,Enterprise,142.67
1207,Enterprise,183.01
1208,Enterprise,109.09
1209,Startup,374.64
1210,Enterprise,453.15
1211,Enterprise,272.53
1212,Enterprise,121.13
1213,Enterprise,427.74
1214,SME,103.27
1215,SME,402.54
1216,SME,294.5
1217,SME,251.56
1218,Enterprise,421.18
1219,Enterprise,248.24
1220,Enterprise,154.02
1221,Enterprise,417.82
1222,SME,484.8
1223,Enterprise,231.18
1224,SME,393.03
1225,SME,365.86
1226,Enterprise,355.01
1227,Startup,296.91
1228,Enterprise,156.67
1229,SME,401.89
1230,Startup,163.33
1231,Enterprise,240.99
1232,Enterprise,191.79
1233,Startup,343.47
1234,Startup,145.79
1235,Enterprise,133.79
1236,Startup,103.82
1237,Enterprise,367.58
1238,SME,243.04
1239,SME,100.79
1240,SME,353.31
1241,Enterprise,282.26
1242,Startup,359.02
1243,Enterprise,116.4
1244,Enterprise,182.71
1245,SME,97.82
1246,Startup,175.8
1247,Enterprise,486.73
1248,Startup,276.51
1249,Enterprise,214.94
1250,Startup,81.39
1251,SME,409.57
1252,Startup,103.24
1253,SME,123.07
1254,SME,467.8
1255,SME,380.08
1256,Enterprise,151.87
1257,SME,253.84
1258,Enterprise,248.88
1259,Enterprise,200.19
1260,SME,351.78
1261,Enterprise,497.54
1262,Startup,116.36
1263,Enterprise,378.55
1264,Startup,454.81
1265,Enterprise,389.48
1266,SME,476.24
1267,Enterprise,57.42
1268,Enterprise,443.92
1269,Enterprise,291.82
1270,SME,317.0
1271,Startup,84.63
1272,Enterprise,398.02
1273,SME,140.34
1274,Startup,205.51
1275,SME,368.76
1276,Enterprise,57.79
1277,Startup,148.46
1278,Startup,198.54
1279,Enterprise,459.43
1280,Enterprise,355.7
1281,Startup,124.01
1282,Enterprise,497.08
1283,SME,109.53
1284,Enterprise,99.21
1285,SME,263.75
1286,Enterprise,102.67
1287,SME,412.85
1288,SME,84.43
1289,Enterprise,420.24
1290,Enterprise,287.53
1291,Enterprise,81.45
1292,SME,99.98
1293,Enterprise,414.57
1294,SME,223.92
1295,Enterprise,200.67
1296,Startup,404.15
1297,SME,417.66
1298,SME,141.61
1299,Startup,264.14
1300,SME,125.9
1301,SME,336.12
1302,Enterprise,154.08
1303,SME,272.88
1304,SME,212.69
1305,Startup,270.26
1306,Enterprise,433.54
1307,Startup,455.37
1308,Startup,98.59
1309,SME,334.39
1310,Startup,424.11
1311,Startup,342.73
1312,SME,412.03
1313,Enterprise,422.84
1314,Startup,112.44
1315,Startup,250.69
1316,Startup,293.36
1317,SME,475.92
1318,Enterprise,449.81
1319,Startup,95.75
1320,SME,482.16
1321,Enterprise,146.04
1322,Enterprise,307.5
1323,SME,323.95
1324,Enterprise,362.99
1325,Startup,198.44
1326,SME,107.61
1327,SME,215.01
1328,Startup,73.38
1329,Startup,287.5
1330,SME,319.42
1331,Startup,368.45
1332,SME,69.78
1333,Enterprise,155.41
1334,SME,368.83
1335,SME,159.72
1336,Startup,149.08
1337,SME,370.33
1338,SME,274.5
1339,SME,166.17
1340,SME,433.71
1341,Enterprise,209.43
1342,Startup,199.64
1343,SME,374.06
1344,Enterprise,294.92
1345,Startup,281.9
1346,Enterprise,104.87
1347,Startup,196.06
1348,Startup,481.96
1349,Enterprise,141.82
1350,SME,155.71
1351,SME,228.49
1352,Enterprise,367.77
1353,SME,266.83
1354,Startup,463.64
1355,Startup,434.53
1356,Startup,435.44
1357,SME,216.87
1358,SME,352.11
1359,SME,243.98
1360,Startup,180.92
1361,Enterprise,425.47
1362,Enterprise,466.77
1363,SME,283.91
1364,SME,100.62
1365,Startup,269.18
1366,SME,458.27
1367,Enterprise,302.75
1368,SME,135.88
1369,Enterprise,157.83
1370,Startup,82.91
1371,SME,125.47
1372,Enterprise,142.5
1373,SME,187.61
1374,Enterprise,458.25
1375,Startup,342.03
1376,Enterprise,390.89
1377,Enterprise,248.08
1378,Startup,268.9
1379,Enterprise,245.81
1380,Startup,273.63
1381,Startup,496.4
1382,Startup,401.32
1383,SME,328.86
1384,Startup,327.87
1385,SME,51.7
1386,SME,229.27
1387,SME,285.03
1388,SME,99.43
1389,SME,189.65
1390,Enterprise,476.41
1391,SME,479.19
1392,SME,61.16
1393,Enterprise,349.93
1394,SME,105.15
1395,Startup,485.51
1396,Enterprise,225.97
1397,Enterprise,198.51
1398,Startup,499.36
1399,Startup,405.15
1400,SME,493.75
1401,Enterprise,136.36
1402,Enterprise,109.94
1403,Startup,496.31
1404,SME,104.98
1405,SME,328.06
1406,SME,175.45
1407,Enterprise,499.74
1408,Enterprise,426.61
1409,Enterprise,58.79
1410,SME,188.0
1411,Enterprise,225.58
1412,SME,273.67
1413,SME,495.21
1414,Startup,141.86
1415,SME,272.07
1416,Startup,50.53
1417,Enterprise,109.88
1418,SME,117.16
1419,Startup,114.45
1420,Enterprise,88.62
1421,Startup,142.81
1422,Enterprise,169.96
1423,SME,186.06
1424,Enterprise,179.0
1425,SME,364.8
1426,SME,119.03
1427,SME,261.41
1428,Startup,399.31
1429,Enterprise,112.73
1430,Enterprise,183.11
1431,Startup,418.07
1432,Enterprise,392.3
1433,SME,131.79
1434,SME,253.57
1435,SME,452.98
1436,SME,191.65
1437,Startup,280.61
1438,Startup,258.55
1439,Startup,471.85
1440,Startup,328.48
1441,Enterprise,144.23
1442,Startup,303.58
1443,Startup,320.92
1444,Startup,446.02
1445,Startup,410.06
1446,SME,382.0
1447,Startup,318.2
1448,Startup,437.0
1449,Enterprise,255.07
1450,Enterprise,397.07
1451,Enterprise,135.86
1452,SME,294.95
1453,SME,433.34
1454,SME,391.44
1455,SME,186.79
1456,SME,351.17
1457,Enterprise,266.61
1458,Enterprise,111.06
1459,Startup,399.71
1460,SME,164.91
1461,Enterprise,299.58
1462,Startup,347.86
1463,Startup,449.76
1464,Enterprise,157.49
1465,Enterprise,60.52
1466,Startup,265.81
1467,SME,333.92
1468,Enterprise,203.83
1469,Enterprise,345.04
1470,Startup,139.0
1471,Enterprise,96.41
1472,Startup,154.65
1473,SME,154.78
1474,Startup,341.05
1475,Enterprise,230.74
1476,SME,460.13
1477,Startup,440.73
1478,Startup,318.87
1479,Startup,60.75
1480,Startup,96.86
1481,Enterprise,386.07
1482,SME,82.42
1483,Startup,444.92
1484,SME,215.68
1485,Enterprise,481.54
1486,SME,273.87
1487,SME,163.43
1488,SME,256.49
1489,Startup,96.62
1490,Startup,404.79
1491,Startup,483.59
1492,SME,185.53
1493,Enterprise,180.14
1494,SME,383.4
1495,Startup,139.69
1496,Enterprise,121.86
1497,Startup,323.49
1498,Enterprise,491.74
1499,SME,384.0
1500,SME,206.97
1501,SME,213.26
1502,Enterprise,65.85
1503,Enterprise,207.53
1504,SME,352.11
1505,Startup,460.69
1506,Startup,280.89
1507,SME,195.83
1508,Enterprise,158.36
1509,SME,122.5
1510,Startup,111.4
1511,Startup,456.69
1512,Startup,221.12
1513,Startup,345.56
1514,SME,320.24
1515,Startup,270.38
1516,Startup,472.36
1517,Enterprise,140.62
1518,Enterprise,252.75
1519,Startup,452.75
1520,SME,137.04
1521,Enterprise,250.11
1522,Enterprise,284.51
1523,Startup,286.63
1524,Startup,85.43
1525,Enterprise,75.58
1526,Startup,142.0
1527,Startup,275.42
1528,Enterprise,180.93
1529,Startup,222.63
1530,Enterprise,62.53
1531,Enterprise,414.51
1532,SME,132.65
1533,SME,261.53
1534,SME,232.46
1535,Startup,84.52
1536,Enterprise,397.67
1537,Startup,88.69
1538,Startup,92.49
1539,Startup,158.32
1540,Enterprise,442.99
1541,SME,178.41
1542,Startup,444.65
1543,Enterprise,62.71
1544,Startup,202.18
1545,SME,122.79
1546,Enterprise,452.79
1547,Enterprise,84.91
1548,Enterprise,445.37
1549,Enterprise,446.88
1550,Startup,190.65
1551,SME,285.32
1552,Enterprise,285.73
1553,SME,344.29
1554,Startup,286.39
1555,Enterprise,442.02
1556,SME,334.72
1557,Enterprise,413.17
1558,SME,200.61
1559,Startup,231.34
1560,Enterprise,441.51
1561,Startup,453.03
1562,Enterprise,395.1
1563,Enterprise,63.61
1564,Enterprise,189.33
1565,Enterprise,469.04
1566,SME,169.96
1567,Startup,198.35
1568,Enterprise,428.49
1569,Enterprise,366.84
1570,Enterprise,192.16
1571,Startup,315.35
1572,Enterprise,458.73
1573,Startup,167.5
1574,Startup,426.89
1575,Startup,282.69
1576,SME,320.22
1577,SME,155.85
1578,SME,426.38
1579,SME,362.4
1580,Enterprise,471.43
1581,Startup,460.04
1582,Startup,473.1
1583,Enterprise,387.96
1584,Startup,421.57
1585,Enterprise,227.18
1586,Enterprise,493.03
1587,Startup,444.09
1588,Enterprise,389.39
1589,Enterprise,97.54
1590,Enterprise,208.06
1591,Enterprise,499.84
1592,Startup,318.07
1593,Startup,172.03
1594,Startup,346.36
1595,SME,53.61
1596,Startup,488.32
1597,SME,474.4
1598,Startup,433.66
1599,SME,292.81
1600,SME,131.8
1601,Startup,435.56
1602,Enterprise,472.05
1603,Startup,217.55
1604,SME,344.02
1605,SME,397.54
1606,Startup,73.85
1607,Enterprise,464.9
1608,Startup,376.7
1609,Startup,51.25
1610,SME,343.74
1611,Enterprise,312.7
1612,Startup,379.77
1613,Startup,452.36
1614,Enterprise,242.09
1615,Startup,153.93
1616,SME,480.5
1617,Startup,55.2
1618,Startup,304.96
1619,Enterprise,106.13
1620,Enterprise,159.37
1621,SME,57.9
1622,Startup,126.53
1623,Startup,387.67
1624,Enterprise,438.55
1625,Startup,117.02
1626,Enterprise,400.66
1627,Startup,200.62
1628,Enterprise,432.05
1629,SME,334.35
1630,Startup,323.79
1631,Startup,199.96
1632,Enterprise,316.54
1633,Enterprise,433.82
1634,SME,296.12
1635,Startup,433.0
1636,SME,250.51
1637,SME,139.2
1638,Startup,160.93
1639,Enterprise,284.18
1640,SME,347.63
1641,SME,129.37
1642,Enterprise,195.4
1643,SME,196.72
1644,Startup,379.64
1645,SME,490.3
1646,SME,226.39
1647,SME,291.96
1648,Enterprise,51.26
1649,Startup,475.33
1650,Enterprise,150.38
1651,Startup,158.76
1652,SME,423.55
1653,Enterprise,169.67
1654,Enterprise,332.04
1655,Startup,70.65
1656,Startup,485.24
1657,SME,354.83
1658,Startup,185.26
1659,Enterprise,481.95
1660,SME,476.4
1661,Enterprise,236.12
1662,SME,496.39
1663,Startup,404.6
1664,Enterprise,137.77
1665,Startup,480.58
1666,SME,233.32
1667,Startup,458.3
1668,SME,194.65
1669,Startup,391.08
1670,Startup,393.23
1671,Enterprise,497.91
1672,Enterprise,110.36
1673,Startup,87.93
1674,Startup,192.01
1675,SME,270.23
1676,Enterprise,165.81
1677,Startup,474.82
1678,Startup,487.22
1679,SME,353.45
1680,Enterprise,260.87
1681,SME,240.51
1682,Startup,264.92
1683,Startup,297.23
1684,SME,470.5
1685,Startup,70.2
1686,SME,250.94
1687,SME,68.18
1688,Enterprise,282.54
1689,SME,222.04
1690,Enterprise,183.56
1691,Startup,450.69
1692,Enterprise,88.57
1693,Startup,178.98
1694,SME,396.96
1695,Enterprise,101.38
1696,Startup,290.31
1697,Startup,255.39
1698,Startup,486.67
1699,Enterprise,406.47
1700,Enterprise,447.93
1701,SME,151.76
1702,Enterprise,88.25
1703,Enterprise,405.95
1704,Enterprise,267.25
1705,Startup,56.31
1706,Startup,119.36
1707,SME,471.85
1708,SME,447.37
1709,Startup,305.84
1710,SME,372.22
1711,Enterprise,205.88
1712,Enterprise,473.48
1713,Startup,421.88
1714,SME,368.84
1715,Enterprise,301.83
1716,Enterprise,341.13
1717,SME,400.58
1718,Startup,82.99
1719,Enterprise,221.17
1720,Startup,479.56
1721,Enterprise,499.42
1722,SME,81.18
1723,SME,170.12
1724,Enterprise,441.9
1725,Enterprise,112.86
1726,Startup,189.52
1727,Startup,232.84
1728,SME,138.23
1729,Enterprise,122.09
1730,Enterprise,377.94
1731,Enterprise,170.93
1732,SME,102.39
1733,Startup,183.82
1734,Startup,104.32
1735,Enterprise,459.63
1736,Startup,288.66
1737,Startup,287.78
1738,Enterprise,290.12
1739,Startup,458.95
1740,Startup,180.29
1741,SME,481.65
1742,SME,60.34
1743,Enterprise,69.17
1744,Enterprise,285.39
1745,Enterprise,435.91
1746,Enterprise,464.17
1747,SME,315.25
1748,Startup,337.45
1749,Enterprise,198.75
1750,Enterprise,383.97
1751,Enterprise,132.85
1752,Startup,172.93
1753,SME,490.42
1754,Enterprise,146.93
1755,Enterprise,91.6
1756,Startup,389.4
1757,Startup,154.28
1758,Startup,357.31
1759,Enterprise,496.5
1760,Startup,356.43
1761,SME,453.77
1762,Startup,226.01
1763,SME,381.23
1764,SME,378.53
1765,Startup,480.87
1766,Enterprise,223.93
1767,SME,390.51
1768,SME,141.1
1769,Enterprise,177.33
1770,Startup,60.23
1771,Enterprise,82.7
1772,SME,483.22
1773,Enterprise,248.06
1774,SME,291.35
1775,Enterprise,253.32
1776,Startup,218.49
1777,Startup,290.26
1778,Startup,56.3
1779,SME,58.44
1780,SME,325.72
1781,Startup,362.63
1782,Startup,108.33
1783,SME,486.29
1784,Startup,299.51
1785,SME,270.8
1786,SME,123.86
1787,SME,447.5
1788,Enterprise,434.02
1789,SME,206.17
1790,Startup,134.76
1791,SME,73.67
1792,Enterprise,398.93
1793,SME,314.54
1794,Enterprise,438.75
1795,Startup,84.18
1796,Startup,434.7
1797,Startup,153.36
1798,Enterprise,424.75
1799,Enterprise,284.33
1800,Enterprise,79.02
1801,Enterprise,163.26
1802,Enterprise,446.96
1803,Enterprise,264.75
1804,Enterprise,424.97
1805,Enterprise,388.05
1806,Startup,76.53
1807,Enterprise,264.24
1808,Startup,95.46
1809,SME,125.31
1810,SME,446.25
1811,SME,283.57
1812,SME,82.61
1813,SME,431.03
1814,Startup,307.11
1815,SME,493.52
1816,Startup,154.19
1817,Enterprise,388.05
1818,Enterprise,147.37
1819,Startup,473.56
1820,Enterprise,219.47
1821,Enterprise,204.69
1822,SME,176.2
1823,SME,206.05
1824,SME,100.1
1825,Enterprise,79.34
1826,Startup,276.5
1827,Enterprise,93.6
1828,Enterprise,447.84
1829,Enterprise,303.84
1830,SME,281.24
1831,Enterprise,346.43
1832,Startup,226.92
1833,Startup,57.38
1834,Enterprise,254.45
1835,Startup,331.83
1836,Startup,249.49
1837,Enterprise,194.95
1838,SME,442.49
1839,Startup,301.99
1840,SME,263.42
1841,Startup,417.3
1842,Startup,255.92
1843,Enterprise,89.03
1844,SME,223.57
1845,Enterprise,259.09
1846,Enterprise,148.86
1847,Enterprise,169.82
1848,Enterprise,362.96
1849,Enterprise,490.1
1850,Startup,484.78
1851,Enterprise,453.87
1852,SME,396.8
1853,Enterprise,391.35
1854,Startup,309.81
1855,SME,470.74
1856,Enterprise,389.41
1857,Enterprise,464.81
1858,SME,464.94
1859,SME,153.85
1860,SME,444.97
1861,Startup,263.54
1862,Startup,454.19
1863,SME,463.48
1864,Enterprise,177.45
1865,SME,400.16
1866,Enterprise,75.0
1867,SME,396.54
1868,Enterprise,245.34
1869,SME,459.18
1870,SME,209.28
1871,SME,186.56
1872,Startup,300.84
1873,SME,364.59
1874,Startup,67.81
1875,Enterprise,472.9
1876,SME,87.23
1877,SME,218.14
1878,Startup,304.15
1879,Enterprise,469.02
1880,Enterprise,339.4
1881,Startup,261.31
1882,Startup,81.47
1883,SME,341.46
1884,Enterprise,480.75
1885,Enterprise,116.33
1886,Enterprise,196.83
1887,Startup,112.71
1888,SME,191.21
1889,Enterprise,449.68
1890,Startup,394.61
1891,SME,103.85
1892,SME,304.41
1893,SME,308.35
1894,Enterprise,75.5
1895,Startup,426.48
1896,SME,499.6
1897,Enterprise,403.25
1898,Enterprise,123.59
1899,Enterprise,142.47
1900,Enterprise,135.73
1901,SME,489.21
1902,SME,190.18
1903,SME,266.31
1904,Enterprise,401.86
1905,SME,216.88
1906,SME,305.39
1907,SME,485.0
1908,SME,279.94
1909,SME,361.92
1910,SME,406.19
1911,Enterprise,81.66
1912,Startup,368.19
1913,SME,157.34
1914,SME,311.92
1915,Enterprise,490.29
1916,Enterprise,197.64
1917,Startup,343.25
1918,Enterprise,324.73
1919,Startup,387.35
1920,Startup,273.51
1921,Enterprise,164.01
1922,Enterprise,432.78
1923,Enterprise,471.32
1924,Startup,385.69
1925,Enterprise,235.78
1926,Startup,166.5
1927,Enterprise,311.78
1928,SME,254.79
1929,Startup,238.2
1930,Enterprise,269.99
1931,SME,71.87
1932,SME,273.58
1933,SME,378.94
1934,Enterprise,277.62
1935,Enterprise,108.5
1936,Startup,134.06
1937,Enterprise,334.24
1938,Startup,331.73
1939,SME,105.8
1940,Startup,96.24
1941,Enterprise,314.46
1942,Startup,66.8
1943,Startup,308.62
1944,Enterprise,425.97
1945,Startup,365.63
1946,Enterprise,317.94
1947,SME,412.53
1948,Startup,215.69
1949,Startup,480.33
1950,Enterprise,262.95
1951,Enterprise,155.46
1952,SME,164.53
1953,SME,490.47
1954,Enterprise,331.0
1955,SME,469.55
1956,Startup,286.5
1957,SME,246.66
1958,Startup,438.1
1959,Startup,452.32
1960,Enterprise,373.87
1961,Startup,420.05
1962,Enterprise,367.86
1963,Enterprise,339.47
1964,Enterprise,80.59
1965,SME,345.71
1966,Startup,79.49
1967,Enterprise,160.42
1968,Enterprise,201.95
1969,SME,72.14
1970,Enterprise,433.04
1971,Enterprise,157.02
1972,Startup,301.13
1973,Startup,429.74
1974,Enterprise,138.05
1975,Enterprise,325.57
1976,SME,276.58
1977,Enterprise,327.08
1978,Enterprise,119.15
1979,Startup,108.95
1980,Startup,177.68
1981,Startup,447.39
1982,SME,445.68
1983,SME,215.74
1984,Startup,461.94
1985,Startup,238.75
1986,Startup,372.08
1987,Startup,381.24
1988,Startup,450.44
1989,Enterprise,98.17
1990,Enterprise,174.29
1991,Enterprise,93.89
1992,SME,310.61
1993,SME,173.02
1994,SME,182.05
1995,Startup,446.9
1996,Enterprise,283.29
1997,Enterprise,148.78
1998,Startup,224.31
1999,Startup,364.15
2000,Enterprise,485.23
2001,SME,80.56
2002,Enterprise,289.32
2003,SME,63.77
2004,SME,393.23
2005,SME,77.98
2006,Startup,412.02
2007,Startup,474.61
2008,Startup,195.65
2009,Enterprise,342.2
2010,Startup,405.19
2011,SME,198.78
2012,Enterprise,202.77
2013,Startup,168.05
2014,Startup,101.68
2015,Startup,467.9
2016,SME,232.09
2017,Enterprise,128.76
2018,Startup,186.7
2019,Enterprise,65.43
2020,Startup,118.54
2021,SME,488.74
2022,SME,173.45
2023,SME,423.91
2024,SME,492.26
2025,Startup,467.67
2026,Startup,88.59
2027,Enterprise,134.62
2028,SME,307.18
2029,Enterprise,467.58
2030,Startup,349.26
2031,Enterprise,300.32
2032,SME,338.39
2033,Enterprise,130.61
2034,Enterprise,163.46
2035,Startup,340.87
2036,Startup,364.15
2037,Startup,428.74
2038,SME,396.41
2039,Enterprise,278.13
2040,Enterprise,202.15
2041,SME,216.13
2042,Enterprise,281.13
2043,SME,406.24
2044,SME,449.76
2045,Startup,210.31
2046,Enterprise,214.37
2047,Startup,393.28
2048,Enterprise,484.0
2049,Enterprise,96.61
2050,Startup,411.36
2051,Enterprise,176.74
2052,Enterprise,233.81
2053,Enterprise,81.13
2054,Enterprise,60.28
2055,SME,283.34
2056,Startup,293.3
2057,Startup,135.44
2058,Enterprise,62.35
2059,Enterprise,417.46
2060,Startup,408.59
2061,Enterprise,95.34
2062,Startup,242.85
2063,SME,374.38
2064,SME,72.58
2065,Enterprise,394.3
2066,SME,123.54
2067,SME,61.88
2068,Startup,182.06
2069,Enterprise,259.99
2070,Startup,151.77
2071,Startup,182.77
2072,SME,131.42
2073,Startup,223.66
2074,SME,290.24
2075,SME,438.24
2076,Startup,205.49
2077,SME,371.67
2078,Startup,385.19
2079,SME,376.8
2080,Enterprise,266.86
2081,Enterprise,213.48
2082,Startup,118.83
2083,Startup,233.96
2084,Startup,406.12
2085,SME,388.18
2086,SME,448.56
2087,Enterprise,491.37
2088,Enterprise,214.26
2089,Startup,439.11
2090,Startup,283.05
2091,SME,396.48
2092,Startup,79.73
2093,SME,392.47
2094,SME,337.91
2095,SME,376.7
2096,Enterprise,355.16
2097,Startup,160.38
2098,Startup,274.89
2099,Enterprise,87.79
2100,Enterprise,493.91
2101,SME,122.81
2102,Startup,462.95
2103,Enterprise,150.1
2104,Enterprise,224.13
2105,Startup,110.55
2106,SME,153.03
2107,SME,328.6
2108,Startup,444.82
2109,Enterprise,351.77
2110,Enterprise,351.17
2111,SME,359.76
2112,Startup,480.19
2113,Startup,316.18
2114,Startup,255.14
2115,Startup,233.34
2116,Startup,317.65
2117,Startup,305.06
2118,Startup,473.42
2119,SME,468.91
2120,SME,456.4
2121,SME,123.76
2122,SME,80.53
2123,Startup,187.58
2124,Enterprise,103.82
2125,Startup,383.24
2126,Enterprise,302.95
2127,Startup,86.67
2128,Enterprise,402.75
2129,Enterprise,290.75
2130,SME,214.58
2131,Enterprise,56.67
2132,Enterprise,403.74
2133,Enterprise,172.31
2134,Enterprise,456.53
2135,Enterprise,58.71
2136,Enterprise,299.73
2137,Startup,147.28
2138,Startup,206.9
2139,Startup,123.19
2140,Startup,416.67
2141,SME,65.18
2142,SME,295.5
2143,Startup,303.42
2144,SME,414.74
2145,SME,222.91
2146,SME,154.66
2147,Enterprise,354.19
2148,SME,474.91
2149,Startup,396.33
2150,SME,190.44
2151,SME,409.9
2152,Startup,368.73
2153,Startup,458.82
2154,SME,191.37
2155,Startup,363.01
2156,SME,99.76
2157,Startup,295.12
2158,Enterprise,185.71
2159,SME,102.41
2160,SME,237.49
2161,SME,120.0
2162,Startup,447.19
2163,Startup,306.25
2164,Enterprise,374.17
2165,SME,148.93
2166,SME,264.23
2167,Enterprise,485.01
2168,SME,115.14
2169,Startup,197.91
2170,SME,211.02
2171,Startup,344.18
2172,SME,431.48
2173,SME,374.85
2174,Enterprise,349.47
2175,Startup,82.72
2176,Startup,472.0
2177,Startup,133.75
2178,Enterprise,330.33
2179,Startup,371.46
2180,Startup,162.22
2181,SME,99.61
2182,SME,292.13
2183,SME,410.48
2184,Enterprise,480.44
2185,Enterprise,277.42
2186,Startup,497.56
2187,Startup,404.83
2188,Startup,86.15
2189,Enterprise,156.8
2190,Startup,191.11
2191,Startup,337.66
2192,SME,110.6
2193,Enterprise,430.13
2194,Enterprise,314.13
2195,Startup,87.63
2196,Enterprise,59.93
2197,Enterprise,395.35
2198,SME,82.93
2199,SME,451.31
2200,Enterprise,262.9
2201,Enterprise,104.31
2202,Startup,279.84
2203,Enterprise,290.24
2204,Enterprise,60.99
2205,Enterprise,357.31
2206,Startup,343.83
2207,Enterprise,168.38
2208,SME,479.4
2209,Startup,428.02
2210,Enterprise,286.88
2211,SME,153.02
2212,Startup,489.93
2213,Enterprise,250.97
2214,Startup,178.4
2215,SME,60.34
2216,SME,259.16
2217,Startup,192.68
2218,SME,99.18
2219,Enterprise,369.89
2220,SME,474.38
2221,Enterprise,63.27
2222,Startup,123.11
2223,Enterprise,389.11
2224,SME,396.54
2225,Startup,377.02
2226,SME,218.6
2227,Startup,123.55
2228,Startup,188.32
2229,Enterprise,337.13
2230,SME,392.56
2231,SME,367.43
2232,SME,338.47
2233,Enterprise,336.25
2234,Enterprise,370.19
2235,Enterprise,91.53
2236,SME,389.49
2237,Startup,198.07
2238,Startup,133.6
2239,SME,173.02
2240,Enterprise,204.04
2241,SME,99.93
2242,SME,270.08
2243,Startup,385.01
2244,SME,116.29
2245,Enterprise,472.16
2246,Enterprise,333.36
2247,Enterprise,236.8
2248,Startup,166.0
2249,SME,190.82
2250,Enterprise,382.98
2251,Enterprise,366.19
2252,Startup,317.67
2253,Enterprise,177.11
2254,Startup,310.23
2255,Startup,255.01
2256,Startup,122.96
2257,SME,221.89
2258,Enterprise,340.82
2259,SME,332.24
2260,Enterprise,398.88
2261,Startup,336.0
2262,Startup,243.22
2263,SME,457.26
2264,Startup,62.38
2265,SME,429.37
2266,Startup,348.34
2267,SME,314.04
2268,SME,275.71
2269,Enterprise,492.23
2270,Startup,296.12
2271,SME,379.98
2272,Startup,92.68
2273,Startup,343.63
2274,Startup,57.0
2275,SME,380.47
2276,Startup,261.0
2277,Startup,336.64
2278,SME,273.62
2279,Enterprise,497.45
2280,SME,55.29
2281,Enterprise,340.42
2282,SME,477.67
2283,Enterprise,55.56
2284,Startup,173.77
2285,Enterprise,262.57
2286,SME,477.19
2287,Enterprise,246.4
2288,Startup,154.29
2289,Enterprise,166.17
2290,SME,158.25
2291,Startup,139.28
2292,SME,50.37
2293,SME,60.19
2294,Startup,463.16
2295,SME,163.63
2296,Enterprise,108.61
2297,Startup,200.41
2298,SME,487.82
2299,Startup,444.95
2300,Enterprise,161.72
2301,Startup,98.75
2302,Startup,206.28
2303,Enterprise,338.84
2304,Startup,490.93
2305,Enterprise,202.18
2306,SME,430.86
2307,Enterprise,308.81
2308,Startup,111.29
2309,Startup,397.38
2310,SME,441.4
2311,Enterprise,472.58
2312,SME,458.11
2313,Startup,207.35
2314,Startup,143.57
2315,Enterprise,252.25
2316,Startup,387.05
2317,SME,414.78
2318,Enterprise,288.1
2319,SME,152.3
2320,Enterprise,474.99
2321,Startup,436.15
2322,Startup,482.48
2323,Enterprise,192.97
2324,Enterprise,300.41
2325,SME,80.11
2326,SME,225.3
2327,SME,495.36
2328,Startup,343.26
2329,Startup,422.22
2330,Startup,145.27
2331,Enterprise,409.52
2332,Startup,239.04
2333,SME,372.89
2334,SME,206.18
2335,Enterprise,131.02
2336,Enterprise,451.16
2337,SME,128.26
2338,Enterprise,196.97
2339,Enterprise,458.88
2340,Startup,192.2
2341,Enterprise,65.27
2342,SME,461.5
2343,Enterprise,167.99
2344,SME,406.32
2345,Startup,448.86
2346,Enterprise,100.22
2347,Startup,450.67
2348,Startup,303.98
2349,Startup,428.75
2350,Enterprise,377.76
2351,Startup,174.77
2352,SME,469.25
2353,Enterprise,452.1
2354,Startup,475.54
2355,Startup,287.02
2356,Startup,251.38
2357,SME,197.17
2358,SME,68.3
2359,Enterprise,287.54
2360,Enterprise,392.55
2361,Enterprise,358.88
2362,SME,127.3
2363,Enterprise,316.83
2364,Startup,372.65
2365,SME,217.54
2366,SME,238.35
2367,Enterprise,226.65
2368,Startup,237.46
2369,Startup,486.94
2370,Startup,207.26
2371,Startup,314.9
2372,SME,345.62
2373,Enterprise,385.27
2374,SME,248.04
2375,Startup,215.25
2376,SME,130.03
2377,SME,492.27
2378,Startup,201.94
2379,Enterprise,285.07
2380,Enterprise,407.94
2381,Startup,246.27
2382,Enterprise,375.56
2383,Enterprise,434.06
2384,Enterprise,368.98
2385,SME,153.52
2386,Enterprise,462.92
2387,Enterprise,176.13
2388,Enterprise,470.76
2389,SME,79.92
2390,SME,216.94
2391,Enterprise,105.07
2392,SME,417.35
2393,Enterprise,113.14
2394,Startup,289.34
2395,SME,243.2
2396,Startup,490.36
2397,Startup,386.39
2398,Startup,207.95
2399,Enterprise,288.61
2400,Startup,483.27
2401,Enterprise,157.39
2402,SME,344.33
2403,Startup,478.19
2404,SME,495.56
2405,Enterprise,300.49
2406,Startup,172.45
2407,Enterprise,340.54
2408,Enterprise,217.24
2409,Enterprise,207.14
2410,Startup,391.13
2411,SME,178.7
2412,Enterprise,452.44
2413,Startup,133.74
2414,Enterprise,56.01
2415,SME,69.4
2416,Startup,324.52
2417,Enterprise,427.72
2418,Startup,57.54
2419,SME,478.44
2420,Enterprise,402.96
2421,Startup,304.46
2422,Enterprise,79.71
2423,SME,456.97
2424,Startup,126.69
2425,Startup,189.21
2426,Startup,232.73
2427,Enterprise,289.4
2428,SME,426.54
2429,Startup,398.37
2430,Enterprise,57.57
2431,SME,154.32
2432,Startup,258.64
2433,Enterprise,379.26
2434,Startup,246.03
2435,Startup,364.26
2436,Enterprise,474.3
2437,Enterprise,191.11
2438,SME,189.39
2439,SME,181.4
2440,SME,286.13
2441,Enterprise,342.5
2442,Startup,387.83
2443,Startup,67.71
2444,Enterprise,323.08
2445,SME,336.99
2446,Enterprise,260.87
2447,Enterprise,119.05
2448,SME,269.67
2449,Enterprise,253.77
2450,Startup,133.88
2451,Enterprise,337.07
2452,SME,450.9
2453,SME,352.41
2454,Enterprise,245.63
2455,Enterprise,84.92
2456,Startup,217.69
2457,Startup,470.8
2458,Startup,340.52
2459,Startup,269.07
2460,Startup,267.1
2461,SME,178.93
2462,Enterprise,236.0
2463,Startup,487.77
2464,SME,107.77
2465,Enterprise,383.09
2466,Startup,169.66
2467,SME,387.88
2468,Enterprise,152.36
2469,Enterprise,324.97
2470,Enterprise,175.72
2471,Enterprise,126.64
2472,Startup,221.98
2473,SME,112.88
2474,Startup,425.09
2475,Enterprise,380.73
2476,Startup,410.64
2477,SME,212.65
2478,SME,337.78
2479,Startup,258.21
2480,SME,362.92
2481,SME,152.66
2482,SME,482.79
2483,SME,420.05
2484,Enterprise,251.66
2485,SME,291.44
2486,Startup,112.68
2487,Startup,89.68
2488,Enterprise,164.85
2489,Startup,98.15
2490,Enterprise,53.54
2491,Startup,309.93
2492,Startup,489.61
2493,Startup,488.54
2494,Enterprise,300.81
2495,SME,413.82
2496,SME,281.09
2497,SME,271.73
2498,Startup,320.28
2499,SME,152.22
2500,Enterprise,478.36
2501,Startup,85.77
2502,SME,465.99
2503,Startup,421.23
2504,Enterprise,438.18
2505,SME,158.47
2506,Enterprise,348.6
2507,SME,163.8
2508,Startup,319.81
2509,Startup,482.9
2510,Enterprise,467.08
2511,Startup,400.98
2512,Enterprise,196.19
2513,SME,300.05
2514,Startup,200.15
2515,Startup,375.32
2516,Startup,388.3
2517,Enterprise,430.68
2518,Enterprise,441.26
2519,Startup,111.32
2520,SME,54.44
2521,Enterprise,80.63
2522,SME,258.08
2523,SME,367.36
2524,Startup,204.91
2525,Startup,234.32
2526,Startup,414.4
2527,SME,430.35
2528,Enterprise,161.17
2529,Enterprise,110.32
2530,Enterprise,102.71
2531,Enterprise,111.78
2532,Startup,385.71
2533,Startup,64.31
2534,Startup,350.18
2535,Startup,192.67
2536,Startup,82.18
2537,Enterprise,71.59
2538,SME,215.71
2539,Enterprise,160.63
2540,Enterprise,151.71
2541,Startup,273.78
2542,SME,244.48
2543,Enterprise,68.12
2544,Enterprise,340.25
2545,SME,125.39
2546,Enterprise,254.1
2547,Startup,489.93
2548,SME,126.41
2549,Enterprise,485.37
2550,Enterprise,274.44
2551,SME,496.52
2552,SME,128.32
2553,Startup,447.49
2554,Startup,488.09
2555,Startup,274.07
2556,Enterprise,424.8
2557,SME,172.08
2558,SME,422.95
2559,Enterprise,439.94
2560,SME,139.09
2561,Enterprise,233.95
2562,SME,254.65
2563,SME,379.7
2564,SME,143.31
2565,SME,272.15
2566,Startup,380.81
2567,Startup,312.79
2568,SME,74.59
2569,Enterprise,292.91
2570,Enterprise,106.56
2571,Enterprise,153.46
2572,Enterprise,179.47
2573,Enterprise,385.98
2574,SME,248.0
2575,Startup,119.34
2576,SME,353.77
2577,Enterprise,432.69
2578,Startup,293.38
2579,SME,456.4
2580,SME,254.04
2581,Startup,223.53
2582,SME,141.71
2583,SME,111.06
2584,SME,280.91
2585,Enterprise,424.23
2586,Startup,136.49
2587,Startup,367.92
2588,Enterprise,162.71
2589,Startup,481.39
2590,Startup,317.86
2591,Enterprise,478.56
2592,Enterprise,440.25
2593,Startup,361.31
2594,Startup,69.98
2595,Startup,128.07
2596,SME,133.42
2597,Startup,389.01
2598,Startup,77.7
2599,Startup,209.58
2600,Enterprise,306.45
2601,SME,240.81
2602,Enterprise,122.01
2603,SME,404.52
2604,Enterprise,124.53
2605,SME,307.22
2606,Enterprise,297.52
2607,Enterprise,499.78
2608,Enterprise,254.0
2609,Startup,246.46
2610,SME,134.26
2611,Enterprise,467.04
2612,SME,238.78
2613,Startup,479.92
2614,SME,355.12
2615,Startup,295.38
2616,Startup,395.63
2617,Startup,209.85
2618,Enterprise,237.01
2619,Enterprise,177.97
2620,Startup,319.87
2621,Enterprise,334.34
2622,Enterprise,56.9
2623,Startup,371.98
2624,Enterprise,281.91
2625,SME,361.62
2626,Startup,212.16
2627,SME,445.49
2628,Enterprise,438.91
2629,Startup,388.79
2630,Enterprise,331.28
2631,Startup,337.89
2632,Startup,336.53
2633,Enterprise,146.98
2634,SME,154.94
2635,Enterprise,72.45
2636,SME,130.75
2637,SME,436.73
2638,Startup,244.92
2639,Startup,378.88
2640,Enterprise,360.78
2641,Enterprise,328.99
2642,Startup,64.03
2643,SME,73.65
2644,Startup,266.09
2645,Startup,283.16
2646,SME,334.48
2647,Startup,64.67
2648,Enterprise,60.01
2649,SME,494.25
2650,Startup,220.25
2651,Enterprise,310.58
2652,Startup,415.0
2653,Enterprise,63.46
2654,SME,292.54
2655,SME,115.76
2656,SME,439.8
2657,Enterprise,143.42
2658,Enterprise,436.58
2659,Enterprise,51.14
2660,SME,254.5
2661,Enterprise,215.01
2662,Startup,91.82
2663,Startup,398.05
2664,SME,484.64
2665,Enterprise,282.25
2666,Enterprise,424.46
2667,Startup,107.13
2668,Startup,330.07
2669,Enterprise,219.76
2670,SME,171.36
2671,SME,297.9
2672,Startup,189.96
2673,Enterprise,417.31
2674,Enterprise,444.42
2675,Startup,162.29
2676,SME,446.39
2677,Startup,157.6
2678,SME,434.97
2679,Startup,361.95
2680,SME,151.44
2681,Enterprise,251.7
2682,SME,156.6
2683,Startup,462.93
2684,Startup,333.19
2685,Enterprise,277.33
2686,Startup,326.44
2687,SME,339.8
2688,Enterprise,85.22
2689,Enterprise,103.48
2690,Startup,123.21
2691,Enterprise,78.54
2692,Startup,277.53
2693,Startup,353.38
2694,Startup,185.41
2695,SME,461.87
2696,SME,252.68
2697,Startup,146.25
2698,SME,303.05
2699,Enterprise,306.56
2700,Enterprise,340.2
2701,Startup,85.71
2702,Enterprise,165.41
2703,Enterprise,304.68
2704,Startup,288.31
2705,Startup,421.19
2706,SME,108.33
2707,Enterprise,210.14
2708,Startup,234.2
2709,SME,423.12
2710,Enterprise,244.54
2711,Enterprise,380.1
2712,Enterprise,356.69
2713,Enterprise,113.77
2714,Startup,71.78
2715,Startup,478.23
2716,Startup,119.6
2717,Startup,278.73
2718,SME,358.68
2719,Enterprise,171.91
2720,Enterprise,372.08
2721,Startup,271.03
2722,Startup,73.06
2723,Startup,88.26
2724,Enterprise,419.03
2725,Enterprise,429.27
2726,Startup,205.27
2727,SME,360.6
2728,Startup,56.26
2729,Enterprise,431.82
2730,SME,331.48
2731,Enterprise,409.11
2732,Startup,419.54
2733,Startup,90.19
2734,SME,498.2
2735,Startup,394.5
2736,SME,215.83
2737,Enterprise,131.42
2738,Startup,183.67
2739,Enterprise,278.98
2740,SME,439.06
2741,Startup,325.13
2742,SME,101.49
2743,Enterprise,152.31
2744,Enterprise,312.31
2745,Startup,149.93
2746,Enterprise,110.28
2747,Enterprise,284.75
2748,SME,485.95
2749,Startup,191.63
2750,SME,147.01
2751,SME,384.2
2752,Startup,273.62
2753,Enterprise,97.34
2754,SME,250.98
2755,Startup,54.72
2756,SME,227.71
2757,SME,408.18
2758,Enterprise,282.14
2759,SME,464.4
2760,Startup,90.5
2761,Enterprise,299.89
2762,SME,427.44
2763,Startup,257.96
2764,SME,358.31
2765,SME,161.42
2766,Startup,265.57
2767,SME,141.93
2768,Enterprise,63.45
2769,Startup,223.16
2770,Enterprise,139.29
2771,Startup,281.85
2772,SME,464.86
2773,Enterprise,200.25
2774,Startup,399.29
2775,Startup,300.99
2776,Startup,450.71
2777,SME,449.88
2778,SME,458.84
2779,SME,383.15
2780,Enterprise,237.86
2781,SME,304.51
2782,Startup,243.34
2783,Enterprise,460.15
2784,Enterprise,81.75
2785,Enterprise,459.6
2786,SME,173.53
2787,SME,275.38
2788,SME,276.59
2789,Enterprise,382.12
2790,SME,216.9
2791,SME,144.52
2792,Startup,241.43
2793,Enterprise,272.29
2794,SME,197.64
2795,Enterprise,287.61
2796,Startup,62.23
2797,Startup,398.04
2798,Enterprise,335.43
2799,Startup,214.92
2800,Enterprise,91.59
2801,Enterprise,169.1
2802,Enterprise,212.59
2803,SME,388.93
2804,Startup,101.83
2805,SME,199.86
2806,SME,234.6
2807,SME,457.16
2808,Startup,161.49
2809,Enterprise,164.03
2810,Enterprise,92.66
2811,SME,387.94
2812,Startup,132.26
2813,Startup,302.04
2814,SME,326.33
2815,SME,274.46
2816,Startup,463.07
2817,SME,150.52
2818,SME,440.87
2819,Enterprise,73.09
2820,Enterprise,282.01
2821,Enterprise,264.4
2822,SME,107.65
2823,Enterprise,365.65
2824,SME,248.77
2825,SME,85.06
2826,SME,287.02
2827,Enterprise,96.35
2828,Enterprise,395.24
2829,Enterprise,264.1
2830,SME,297.02
2831,Startup,96.11
2832,Enterprise,457.36
2833,Enterprise,416.92
2834,Enterprise,86.42
2835,Enterprise,145.92
2836,SME,296.43
2837,Enterprise,293.69
2838,SME,311.27
2839,Enterprise,166.48
2840,Enterprise,490.78
2841,SME,267.08
2842,Startup,364.11
2843,Startup,393.58
2844,SME,445.1
2845,Startup,242.2
2846,Startup,260.89
2847,Startup,497.24
2848,Enterprise,440.24
2849,Enterprise,381.3
2850,SME,258.52
2851,SME,276.41
2852,Enterprise,136.9
2853,SME,206.68
2854,SME,111.31
2855,SME,235.95
2856,Startup,310.25
2857,Enterprise,351.71
2858,Startup,391.94
2859,Startup,158.29
2860,SME,470.48
2861,Startup,249.5
2862,Enterprise,116.25
2863,Enterprise,169.52
2864,Enterprise,173.86
2865,Startup,259.67
2866,SME,417.57
2867,Startup,267.42
2868,SME,64.81
2869,Startup,55.07
2870,Startup,133.96
2871,Startup,119.8
2872,Startup,154.58
2873,Enterprise,474.97
2874,Enterprise,362.38
2875,SME,145.57
2876,Enterprise,380.88
2877,Enterprise,92.66
2878,SME,55.73
2879,SME,78.85
2880,Enterprise,468.68
2881,Enterprise,96.6
2882,SME,247.0
2883,SME,72.22
2884,SME,105.18
2885,SME,410.47
2886,Enterprise,302.7
2887,Startup,122.37
2888,SME,202.16
2889,Enterprise,152.69
2890,Enterprise,487.88
2891,SME,221.85
2892,SME,493.76
2893,SME,195.76
2894,SME,330.47
2895,Enterprise,85.02
2896,Enterprise,364.96
2897,Startup,63.07
2898,SME,458.91
2899,Enterprise,296.34
2900,Enterprise,208.1
2901,Enterprise,468.6
2902,Startup,467.84
2903,Startup,325.93
2904,Enterprise,256.3
2905,Enterprise,363.82
2906,Enterprise,369.26
2907,SME,281.89
2908,Enterprise,360.55
2909,Startup,418.79
2910,Startup,388.18
2911,Enterprise,361.02
2912,Enterprise,161.43
2913,Enterprise,353.56
2914,SME,489.0
2915,Startup,374.7
2916,SME,430.4
2917,Enterprise,82.61
2918,SME,455.13
2919,Startup,165.67
2920,Enterprise,162.05
2921,Startup,281.89
2922,Startup,386.98
2923,SME,307.45
2924,SME,137.24
2925,Startup,224.79
2926,Startup,408.8
2927,Startup,292.79
2928,Enterprise,241.22
2929,Enterprise,245.53
2930,Enterprise,133.41
2931,Startup,306.7
2932,Enterprise,141.28
2933,SME,495.34
2934,Enterprise,372.77
2935,Enterprise,462.15
2936,SME,151.68
2937,SME,96.52
2938,SME,283.44
2939,Startup,431.48
2940,Enterprise,174.62
2941,SME,412.85
2942,SME,424.74
2943,Enterprise,443.22
2944,SME,221.53
2945,Enterprise,382.1
2946,Startup,265.81
2947,SME,188.09
2948,Enterprise,190.57
2949,Startup,488.37
2950,Startup,99.22
2951,SME,188.75
2952,Enterprise,117.26
2953,Enterprise,141.31
2954,Startup,253.58
2955,Enterprise,282.17
2956,Enterprise,344.34
2957,SME,454.82
2958,Startup,361.2
2959,Startup,439.5
2960,SME,338.07
2961,SME,161.8
2962,Enterprise,142.79
2963,Enterprise,352.68
2964,SME,351.9
2965,Startup,316.61
2966,Enterprise,278.6
2967,SME,102.63
2968,Startup,103.36
2969,Startup,330.84
2970,SME,137.85
2971,Enterprise,139.63
2972,Startup,146.71
2973,SME,150.92
2974,SME,228.26
2975,Startup,302.18
2976,SME,333.11
2977,Startup,232.36
2978,Enterprise,127.76
2979,SME,353.74
2980,SME,287.7
2981,SME,479.75
2982,SME,498.02
2983,SME,228.75
2984,SME,421.86
2985,Startup,236.42
2986,Startup,236.69
2987,SME,449.84
2988,Startup,445.72
2989,Startup,333.51
2990,Enterprise,97.03
2991,SME,53.81
2992,Enterprise,247.19
2993,Enterprise,296.14
2994,Enterprise,470.77
2995,Enterprise,449.43
2996,SME,166.59
2997,SME,241.43
2998,Enterprise,388.64
2999,SME,452.38
